OTU_ID,Kingdom,Phylum,Class,Order,Family,Genus,Species
OTU1,Stramenopila,Oomycota,Oomycetes,Pythiales,Pythiaceae,Pythium,Pythium ultimum var ultimum
OTU10,Stramenopila,Oomycota,Oomycetes,Pythiales,Pythiaceae,Pythium,
OTU100,Stramenopila,Oomycota,Oomycetes,Pythiales,Pythiaceae,Pythium,
OTU101,Fungi,,,,,,
OTU102,Stramenopila,Oomycota,Oomycetes,Pythiales,Pythiaceae,Phytophthora,Phytophthora sojae
OTU103,Fungi,,,,,,
OTU104,Stramenopila,Oomycota,Oomycetes,Saprolegniales,Saprolegniaceae,,
OTU105,Stramenopila,Oomycota,Oomycetes,Pythiales,Pythiaceae,Pythium,Pythium nodosum
OTU106,Stramenopila,Oomycota,Oomycetes,,,,
OTU107,Stramenopila,Oomycota,Oomycetes,Lagenidiales,Lagenidiaceae,Lagenidium,Lagenidium giganteum
OTU108,Stramenopila,Oomycota,Oomycetes,Peronosporales,Peronosporaceae,Hyaloperonospora,Hyaloperonospora nesliae
OTU109,Stramenopila,Oomycota,Oomycetes,,,,
OTU11,Fungi,,,,,,
OTU110,Stramenopila,Oomycota,,,,,
OTU111,Stramenopila,Oomycota,Oomycetes,Pythiales,Pythiaceae,Pythium,
OTU112,Stramenopila,Oomycota,Oomycetes,Pythiales,Pythiaceae,Pythium,Pythium violae
OTU113,Stramenopila,Oomycota,Oomycetes,,,,
OTU114,Stramenopila,Oomycota,Oomycetes,Pythiales,Pythiaceae,Pythium,Pythium aff volutum
OTU115,Stramenopila,Oomycota,Oomycetes,,,,
OTU116,Fungi,,,,,,
OTU117,Stramenopila,Oomycota,Oomycetes,Pythiales,Pythiaceae,Phytophthora,Phytophthora megasperma
OTU118,Stramenopila,Oomycota,Oomycetes,Pythiales,Pythiaceae,Pythium,
OTU119,Stramenopila,Oomycota,Oomycetes,Pythiales,Pythiaceae,Pythium,Pythium ultimum var sporangiiferum
OTU12,Stramenopila,Oomycota,Oomycetes,Pythiales,Pythiaceae,,
OTU120,Stramenopila,Oomycota,Oomycetes,Lagenidiales,Lagenidiaceae,Lagenidium,Lagenidium giganteum
OTU121,Stramenopila,Oomycota,Oomycetes,,,,
OTU122,Stramenopila,Oomycota,Oomycetes,,,,
OTU123,Stramenopila,Oomycota,,,,,
OTU124,Stramenopila,Oomycota,Oomycetes,Pythiales,Pythiaceae,Pythium,
OTU125,Stramenopila,Oomycota,Oomycetes,Pythiales,Pythiaceae,Pythium,Pythium sp nov
OTU126,Fungi,,,,,,
OTU127,Stramenopila,Oomycota,Oomycetes,,,,
OTU128,Stramenopila,Oomycota,Oomycetes,Pythiales,Pythiaceae,Pythium,
OTU129,Fungi,Ascomycota,Pezizomycetes,Pezizales,,,
OTU13,Stramenopila,Oomycota,Oomycetes,Pythiales,Pythiaceae,Pythium,Pythium rostratifingens
OTU130,Stramenopila,Oomycota,Oomycetes,Leptomitales,Leptomitaceae,Apodachlya,Apodachlya brachynema
OTU131,Stramenopila,,,,,,
OTU132,Stramenopila,Oomycota,Oomycetes,Pythiales,Pythiaceae,Pythium,Pythium okanoganense
OTU133,Fungi,,,,,,
OTU134,Fungi,,,,,,
OTU135,Stramenopila,Oomycota,Oomycetes,Saprolegniales,Saprolegniaceae,,
OTU136,Stramenopila,Oomycota,Oomycetes,Pythiales,Pythiaceae,Pythium,
OTU137,Stramenopila,Oomycota,Oomycetes,Pythiales,Pythiaceae,Phytopythium,Phytopythium litorale
OTU138,Stramenopila,,,,,,
OTU139,Stramenopila,Oomycota,Oomycetes,Pythiales,Pythiaceae,Phytophthora,Phytophthora iranica
OTU14,Stramenopila,Oomycota,Oomycetes,Pythiales,Pythiaceae,Pythium,Pythium acrogynum
OTU140,Stramenopila,Oomycota,Oomycetes,Leptomitales,Leptomitaceae,Apodachlya,Apodachlya brachynema
OTU141,Stramenopila,Oomycota,,,,,
OTU142,Stramenopila,,,,,,
OTU143,Stramenopila,,,,,,
OTU144,Stramenopila,Oomycota,Oomycetes,Pythiales,Pythiaceae,Pythium,
OTU145,Stramenopila,Oomycota,Oomycetes,Peronosporales,Peronosporaceae,Hyaloperonospora,Hyaloperonospora nesliae
OTU146,Fungi,,,,,,
OTU147,Stramenopila,Oomycota,Oomycetes,Pythiales,Pythiaceae,Pythium,
OTU148,Fungi,,,,,,
OTU149,Fungi,,,,,,
OTU15,Stramenopila,Oomycota,Oomycetes,,,,
OTU150,Stramenopila,Oomycota,Oomycetes,,,,
OTU151,Stramenopila,Oomycota,Oomycetes,Pythiales,Pythiaceae,Pythium,
OTU152,Fungi,,,,,,
OTU153,Fungi,,,,,,
OTU154,Stramenopila,Oomycota,Oomycetes,Peronosporales,Peronosporaceae,Plasmopara,
OTU155,Stramenopila,Oomycota,Oomycetes,Pythiales,Pythiaceae,Pythium,Pythium perplexum
OTU156,Fungi,,,,,,
OTU157,Stramenopila,Oomycota,Oomycetes,,,,
OTU158,Stramenopila,Oomycota,Oomycetes,Pythiales,Pythiaceae,Pythium,
OTU159,Stramenopila,Oomycota,Oomycetes,Pythiales,Pythiaceae,Pythium,
OTU16,Stramenopila,Oomycota,Oomycetes,Pythiales,Pythiaceae,Pythium,Pythium monospermum
OTU160,Fungi,,,,,,
OTU161,Fungi,,,,,,
OTU162,Stramenopila,Oomycota,Oomycetes,Saprolegniales,Saprolegniaceae,,
OTU163,Stramenopila,Oomycota,Oomycetes,Pythiales,Pythiaceae,Pythium,
OTU164,Fungi,,,,,,
OTU165,Stramenopila,Oomycota,Oomycetes,Albuginales,Albuginaceae,Albugo,Albugo candida
OTU166,Stramenopila,,,,,,
OTU167,Stramenopila,Oomycota,Oomycetes,Pythiales,Pythiaceae,Pythium,Pythium parvum
OTU168,Stramenopila,Oomycota,,,,,
OTU169,Stramenopila,,,,,,
OTU17,Fungi,,,,,,
OTU170,Stramenopila,Oomycota,,,,,
OTU171,Fungi,,,,,,
OTU172,Stramenopila,Oomycota,Oomycetes,Pythiales,Pythiaceae,Pythium,
OTU173,Stramenopila,,,,,,
OTU174,Stramenopila,Oomycota,Oomycetes,,,,
OTU175,Fungi,,,,,,
OTU176,Fungi,,,,,,
OTU177,Stramenopila,Oomycota,Oomycetes,Pythiales,Pythiaceae,Pythium,
OTU178,Stramenopila,Oomycota,Oomycetes,Peronosporales,Peronosporaceae,Peronospora,
OTU179,Stramenopila,Oomycota,Oomycetes,Peronosporales,Peronosporaceae,Peronospora,
OTU18,Stramenopila,Oomycota,Oomycetes,Pythiales,Pythiaceae,Pythium,Pythium sp nov
OTU180,Stramenopila,Oomycota,Oomycetes,Pythiales,Pythiaceae,Pythium,
OTU181,Stramenopila,Oomycota,Oomycetes,Saprolegniales,Saprolegniaceae,Brevilegnia,Brevilegnia macrospora
OTU182,Fungi,,,,,,
OTU183,Stramenopila,Oomycota,Oomycetes,Pythiales,Pythiaceae,Pythium,Pythium grandisporangium
OTU184,Stramenopila,Oomycota,Oomycetes,Peronosporales,Peronosporaceae,Peronospora,
OTU185,Stramenopila,Oomycota,Oomycetes,,,,
OTU186,Stramenopila,Oomycota,Oomycetes,Pythiales,Pythiaceae,Pythium,Pythium okanoganense
OTU187,Fungi,,,,,,
OTU188,Stramenopila,Oomycota,Oomycetes,,,,
OTU189,Fungi,,,,,,
OTU19,Stramenopila,Oomycota,Oomycetes,Pythiales,Pythiaceae,Pythium,Pythium irregulare
OTU190,Stramenopila,Oomycota,Oomycetes,Peronosporales,Peronosporaceae,Peronospora,
OTU191,Stramenopila,Oomycota,Oomycetes,Pythiales,Pythiaceae,Pythium,
OTU192,Fungi,,,,,,
OTU193,Stramenopila,,,,,,
OTU194,Stramenopila,Oomycota,Oomycetes,Pythiales,,,
OTU195,Stramenopila,Oomycota,Oomycetes,Peronosporales,Peronosporaceae,,
OTU196,Stramenopila,Oomycota,,,,,
OTU197,Stramenopila,Oomycota,,,,,
OTU198,Stramenopila,,,,,,
OTU199,Fungi,,,,,,
OTU2,Stramenopila,Oomycota,Oomycetes,Pythiales,Pythiaceae,Pythium,
OTU20,Fungi,,,,,,
OTU200,Fungi,,,,,,
OTU201,Stramenopila,Oomycota,Oomycetes,,,,
OTU202,Stramenopila,,,,,,
OTU203,Fungi,,,,,,
OTU204,Fungi,,,,,,
OTU205,Stramenopila,Oomycota,Oomycetes,Pythiales,Pythiaceae,Pythium,
OTU206,Fungi,,,,,,
OTU207,Stramenopila,Oomycota,,,,,
OTU208,Fungi,,,,,,
OTU209,Fungi,,,,,,
OTU21,Fungi,,,,,,
OTU210,Fungi,,,,,,
OTU211,Stramenopila,Oomycota,Oomycetes,Peronosporales,Peronosporaceae,Peronospora,
OTU212,Fungi,,,,,,
OTU213,Stramenopila,Oomycota,Oomycetes,,,,
OTU214,Fungi,,,,,,
OTU215,Fungi,Basidiomycota,Agaricomycetes,Trechisporales,Hydnodontaceae,Trechispora,Trechispora sp 
OTU216,Fungi,,,,,,
OTU217,Fungi,,,,,,
OTU218,Fungi,,,,,,
OTU219,Stramenopila,Oomycota,Oomycetes,Peronosporales,Peronosporaceae,Peronospora,
OTU22,Stramenopila,Oomycota,Oomycetes,Pythiales,Pythiaceae,,
OTU220,Stramenopila,Oomycota,Oomycetes,Peronosporales,Peronosporaceae,Hyaloperonospora,
OTU221,Stramenopila,Oomycota,Oomycetes,,,,
OTU222,Stramenopila,Oomycota,Oomycetes,Pythiales,Pythiaceae,Pythium,
OTU223,Fungi,,,,,,
OTU224,Stramenopila,Oomycota,Oomycetes,,,,
OTU225,Fungi,,,,,,
OTU226,Fungi,,,,,,
OTU227,Fungi,,,,,,
OTU228,Stramenopila,Oomycota,Oomycetes,Lagenidiales,Lagenidiaceae,Lagenidium,Lagenidium giganteum
OTU229,Fungi,,,,,,
OTU23,Stramenopila,Oomycota,Oomycetes,Pythiales,Pythiaceae,Pythium,Pythium monospermum
OTU230,Stramenopila,Oomycota,Oomycetes,Pythiales,Pythiaceae,Pythium,
OTU231,Stramenopila,Oomycota,,,,,
OTU232,Fungi,,,,,,
OTU233,Fungi,,,,,,
OTU234,Stramenopila,,,,,,
OTU235,Fungi,,,,,,
OTU236,Stramenopila,Oomycota,Oomycetes,Pythiales,Pythiaceae,Pythium,Pythium aff polymastum
OTU237,Stramenopila,Oomycota,Oomycetes,Pythiales,Pythiaceae,Pythium,Pythium okanoganense
OTU238,Stramenopila,Oomycota,Oomycetes,Lagenidiales,Lagenidiaceae,Lagenidium,Lagenidium giganteum
OTU239,Stramenopila,Oomycota,,,,,
OTU24,Stramenopila,Oomycota,Oomycetes,Pythiales,Pythiaceae,Pythium,
OTU240,Fungi,,,,,,
OTU241,Stramenopila,,,,,,
OTU242,Stramenopila,Oomycota,Oomycetes,Pythiales,Pythiaceae,Pythium,Pythium intermedium
OTU243,Stramenopila,Oomycota,Oomycetes,Pythiales,Pythiaceae,Pythium,
OTU244,Fungi,,,,,,
OTU245,Fungi,,,,,,
OTU246,Stramenopila,Oomycota,Oomycetes,,,,
OTU247,Stramenopila,Oomycota,Oomycetes,Pythiales,Pythiaceae,,
OTU248,Stramenopila,Oomycota,Oomycetes,,,,
OTU249,Stramenopila,Oomycota,Oomycetes,,,,
OTU25,Stramenopila,Oomycota,Oomycetes,Pythiales,Pythiaceae,Pythium,
OTU250,Stramenopila,Oomycota,Oomycetes,Pythiales,Pythiaceae,Pythium,
OTU251,Fungi,,,,,,
OTU252,Stramenopila,Oomycota,Oomycetes,Pythiales,Pythiaceae,Pythium,Pythium nodosum
OTU253,Stramenopila,Oomycota,Oomycetes,Pythiales,Pythiaceae,Pythium,Pythium camurandrum
OTU254,Stramenopila,Oomycota,Oomycetes,,,,
OTU255,Fungi,,,,,,
OTU256,Fungi,,,,,,
OTU257,Fungi,,,,,,
OTU258,Fungi,,,,,,
OTU259,Fungi,,,,,,
OTU26,Stramenopila,Oomycota,Oomycetes,Pythiales,Pythiaceae,Pythium,
OTU260,Fungi,,,,,,
OTU261,Fungi,,,,,,
OTU262,Fungi,,,,,,
OTU263,Fungi,,,,,,
OTU264,Stramenopila,Oomycota,Oomycetes,Pythiales,Pythiaceae,Pythium,
OTU265,Stramenopila,Oomycota,Oomycetes,Pythiales,Pythiaceae,Pythium,Pythium aff attrantheridium
OTU266,Fungi,,,,,,
OTU267,Fungi,,,,,,
OTU268,Fungi,,,,,,
OTU269,Fungi,,,,,,
OTU27,Stramenopila,Oomycota,Oomycetes,Pythiales,Pythiaceae,Pythium,Pythium orthogonon
OTU270,Fungi,,,,,,
OTU271,Stramenopila,Oomycota,Oomycetes,Pythiales,Pythiaceae,Pythium,
OTU272,Fungi,,,,,,
OTU273,Fungi,,,,,,
OTU274,Stramenopila,Oomycota,Oomycetes,,,,
OTU275,Fungi,,,,,,
OTU276,Fungi,,,,,,
OTU277,Fungi,,,,,,
OTU278,Fungi,,,,,,
OTU279,Stramenopila,Oomycota,Oomycetes,Pythiales,Pythiaceae,Pythium,Pythium sp jasmonium
OTU28,Stramenopila,Oomycota,,,,,
OTU280,Stramenopila,Oomycota,Oomycetes,,,,
OTU281,Fungi,,,,,,
OTU282,Fungi,,,,,,
OTU283,Stramenopila,Oomycota,Oomycetes,Albuginales,Albuginaceae,Albugo,Albugo candida
OTU284,Fungi,Basidiomycota,Agaricomycetes,Agaricales,Strophariaceae,Psilocybe,Psilocybe inquilina
OTU285,Fungi,,,,,,
OTU286,Fungi,,,,,,
OTU287,Fungi,,,,,,
OTU288,Stramenopila,Oomycota,Oomycetes,Saprolegniales,Saprolegniaceae,,
OTU289,Fungi,,,,,,
OTU29,Stramenopila,Oomycota,Oomycetes,Pythiales,Pythiaceae,Pythium,Pythium monospermum
OTU290,Stramenopila,Oomycota,,,,,
OTU291,Fungi,,,,,,
OTU292,Fungi,,,,,,
OTU293,Stramenopila,Oomycota,Oomycetes,,,,
OTU294,Fungi,,,,,,
OTU295,Fungi,,,,,,
OTU296,Fungi,,,,,,
OTU297,Fungi,,,,,,
OTU298,Fungi,Ascomycota,Pezizomycetes,Pezizales,Pyronemataceae,Pseudaleuria,Pseudaleuria sp 
OTU299,Stramenopila,Oomycota,Oomycetes,Pythiales,Pythiaceae,Pythium,Pythium camurandrum
OTU3,Stramenopila,Oomycota,Oomycetes,Pythiales,Pythiaceae,Pythium,Pythium heterothallicum
OTU30,Stramenopila,Oomycota,Oomycetes,,,,
OTU300,Fungi,,,,,,
OTU301,Fungi,,,,,,
OTU302,Fungi,,,,,,
OTU303,Stramenopila,Oomycota,,,,,
OTU304,Fungi,,,,,,
OTU305,Fungi,,,,,,
OTU306,Fungi,,,,,,
OTU307,Stramenopila,Oomycota,,,,,
OTU308,Fungi,Basidiomycota,Agaricomycetes,Cantharellales,Incertae_sedis,Minimedusa,Minimedusa polyspora
OTU309,Stramenopila,Oomycota,Oomycetes,Pythiales,Pythiaceae,Pythium,
OTU31,Fungi,,,,,,
OTU310,Fungi,,,,,,
OTU311,Stramenopila,Oomycota,Oomycetes,Pythiales,Pythiaceae,Pythium,
OTU312,Fungi,,,,,,
OTU313,Fungi,,,,,,
OTU314,Fungi,Ascomycota,,,,,
OTU315,Fungi,,,,,,
OTU316,Fungi,,,,,,
OTU317,Fungi,,,,,,
OTU318,Fungi,,,,,,
OTU319,Fungi,,,,,,
OTU32,Stramenopila,Oomycota,Oomycetes,Pythiales,Pythiaceae,Phytophthora,
OTU320,Fungi,,,,,,
OTU321,Stramenopila,Oomycota,Oomycetes,Pythiales,Pythiaceae,Pythium,Pythium heterothallicum
OTU322,Fungi,,,,,,
OTU323,Stramenopila,Oomycota,Oomycetes,,,,
OTU324,Fungi,,,,,,
OTU325,Fungi,,,,,,
OTU326,Fungi,,,,,,
OTU327,Fungi,,,,,,
OTU328,Fungi,Basidiomycota,Agaricomycetes,Agaricales,Pluteaceae,Volvopluteus,Volvopluteus earlei
OTU329,Fungi,,,,,,
OTU33,Stramenopila,Oomycota,Oomycetes,Pythiales,Pythiaceae,Pythium,Pythium rostratifingens
OTU330,Fungi,,,,,,
OTU331,Stramenopila,,,,,,
OTU332,Fungi,,,,,,
OTU333,Fungi,,,,,,
OTU334,Fungi,,,,,,
OTU335,Fungi,,,,,,
OTU336,Stramenopila,Oomycota,Oomycetes,Saprolegniales,Saprolegniaceae,,
OTU337,Stramenopila,Oomycota,Oomycetes,Lagenidiales,Lagenidiaceae,Lagenidium,Lagenidium giganteum
OTU338,Fungi,,,,,,
OTU339,Fungi,,,,,,
OTU34,Stramenopila,Oomycota,Oomycetes,Pythiales,Pythiaceae,Pythium,Pythium irregulare
OTU340,Stramenopila,Oomycota,Oomycetes,,,,
OTU341,Fungi,,,,,,
OTU342,Fungi,,,,,,
OTU343,Stramenopila,Oomycota,Oomycetes,Pythiales,Pythiaceae,Pythium,Pythium okanoganense
OTU344,Fungi,,,,,,
OTU345,Stramenopila,Oomycota,Oomycetes,,,,
OTU346,Fungi,,,,,,
OTU347,Fungi,,,,,,
OTU348,Fungi,,,,,,
OTU349,Stramenopila,Oomycota,Oomycetes,Pythiales,Pythiaceae,Pythium,
OTU35,Stramenopila,,,,,,
OTU350,Fungi,,,,,,
OTU351,Fungi,,,,,,
OTU352,Fungi,,,,,,
OTU353,Fungi,,,,,,
OTU354,Fungi,Basidiomycota,Agaricomycetes,Agaricales,Bolbitiaceae,Conocybe,Conocybe crispa
OTU355,Stramenopila,Oomycota,Oomycetes,Pythiales,Pythiaceae,Pythium,Pythium ultimum var ultimum
OTU356,Fungi,,,,,,
OTU357,Fungi,,,,,,
OTU358,Fungi,,,,,,
OTU359,Fungi,,,,,,
OTU36,Stramenopila,Oomycota,Oomycetes,Pythiales,Pythiaceae,Pythium,Pythium acanthicum
OTU360,Fungi,,,,,,
OTU361,Stramenopila,Oomycota,Oomycetes,Pythiales,Pythiaceae,Pythium,Pythium irregulare
OTU362,Fungi,,,,,,
OTU363,Stramenopila,Oomycota,Oomycetes,Pythiales,Pythiaceae,Phytophthora,Phytophthora sansomeana
OTU364,Fungi,,,,,,
OTU365,Fungi,,,,,,
OTU366,Stramenopila,Oomycota,Oomycetes,Pythiales,Pythiaceae,Pythium,
OTU367,Fungi,,,,,,
OTU368,Stramenopila,Oomycota,Oomycetes,Pythiales,Pythiaceae,Pythium,Pythium ultimum var ultimum
OTU369,Stramenopila,Oomycota,,,,,
OTU37,Fungi,,,,,,
OTU370,Fungi,,,,,,
OTU371,Fungi,,,,,,
OTU372,Stramenopila,Oomycota,,,,,
OTU373,Fungi,,,,,,
OTU374,Fungi,,,,,,
OTU375,Fungi,,,,,,
OTU376,Fungi,,,,,,
OTU377,Fungi,,,,,,
OTU378,Fungi,,,,,,
OTU379,Fungi,,,,,,
OTU38,Stramenopila,Oomycota,Oomycetes,Albuginales,Albuginaceae,Albugo,Albugo candida
OTU380,Stramenopila,Oomycota,Oomycetes,Saprolegniales,Saprolegniaceae,Plectospira,Plectospira myriandra
OTU381,Fungi,,,,,,
OTU382,Fungi,Basidiomycota,Agaricomycetes,Sebacinales,Serendipitaceae,,
OTU383,Fungi,,,,,,
OTU384,Fungi,,,,,,
OTU385,Stramenopila,Oomycota,Oomycetes,Pythiales,Pythiaceae,Pythium,Pythium acanthicum
OTU386,Fungi,,,,,,
OTU387,Fungi,,,,,,
OTU388,Stramenopila,Oomycota,Oomycetes,Leptomitales,Leptomitaceae,Apodachlya,
OTU389,Fungi,,,,,,
OTU39,Stramenopila,Oomycota,Oomycetes,Pythiales,Pythiaceae,Pythium,Pythium acanthicum
OTU390,Fungi,,,,,,
OTU391,Fungi,,,,,,
OTU392,Stramenopila,Oomycota,Oomycetes,Pythiales,Pythiaceae,Pythium,Pythium ultimum var ultimum
OTU393,Fungi,,,,,,
OTU394,Fungi,,,,,,
OTU395,Stramenopila,,,,,,
OTU396,Fungi,,,,,,
OTU397,Fungi,,,,,,
OTU398,Fungi,,,,,,
OTU399,Fungi,,,,,,
OTU4,Stramenopila,Oomycota,Oomycetes,Pythiales,Pythiaceae,Pythium,
OTU40,Stramenopila,,,,,,
OTU400,Fungi,,,,,,
OTU401,Fungi,,,,,,
OTU402,Fungi,,,,,,
OTU403,Fungi,,,,,,
OTU404,Fungi,,,,,,
OTU405,Stramenopila,,,,,,
OTU406,Fungi,,,,,,
OTU407,Fungi,,,,,,
OTU408,Fungi,,,,,,
OTU409,Fungi,,,,,,
OTU41,Stramenopila,Oomycota,Oomycetes,Pythiales,Pythiaceae,Pythium,Pythium ultimum var ultimum
OTU410,Stramenopila,Oomycota,Oomycetes,Pythiales,Pythiaceae,Pythium,
OTU411,Stramenopila,Oomycota,Oomycetes,Pythiales,Pythiaceae,Pythium,
OTU412,Stramenopila,Oomycota,Oomycetes,Peronosporales,Peronosporaceae,Peronospora,
OTU413,Fungi,Basidiomycota,Agaricomycetes,Boletales,Coniophoraceae,Coniophora,Coniophora eremophila
OTU414,Fungi,,,,,,
OTU415,Fungi,,,,,,
OTU416,Fungi,,,,,,
OTU417,Fungi,,,,,,
OTU418,Fungi,,,,,,
OTU419,Fungi,,,,,,
OTU42,Stramenopila,Oomycota,Oomycetes,,,,
OTU420,Fungi,,,,,,
OTU421,Fungi,Basidiomycota,Agaricomycetes,Geastrales,Sphaerobolaceae,Sphaerobolus,Sphaerobolus ingoldii
OTU422,Fungi,,,,,,
OTU423,Fungi,,,,,,
OTU424,Fungi,,,,,,
OTU425,Fungi,,,,,,
OTU426,Stramenopila,Oomycota,Oomycetes,Pythiales,Pythiaceae,Pythium,
OTU427,Fungi,,,,,,
OTU428,Fungi,,,,,,
OTU429,Fungi,,,,,,
OTU43,Stramenopila,Oomycota,Oomycetes,Lagenidiales,Lagenidiaceae,Lagenidium,Lagenidium giganteum
OTU430,Fungi,,,,,,
OTU431,Fungi,,,,,,
OTU432,Fungi,,,,,,
OTU433,Fungi,,,,,,
OTU434,Fungi,,,,,,
OTU435,Fungi,,,,,,
OTU436,Stramenopila,Oomycota,Oomycetes,Pythiales,Pythiaceae,Pythium,
OTU437,Fungi,,,,,,
OTU438,Fungi,,,,,,
OTU439,Fungi,,,,,,
OTU44,Stramenopila,Oomycota,Oomycetes,Pythiales,Pythiaceae,Pythium,
OTU440,Stramenopila,Oomycota,Oomycetes,Pythiales,Pythiaceae,Pythium,Pythium camurandrum
OTU441,Stramenopila,Oomycota,Oomycetes,Pythiales,Pythiaceae,Pythium,Pythium monospermum
OTU442,Fungi,Ascomycota,Pezizomycetes,Pezizales,Pyronemataceae,,
OTU443,Fungi,,,,,,
OTU444,Fungi,Basidiomycota,Ustilaginomycetes,Ustilaginales,Ustilaginaceae,Ustilago,Ustilago maydis
OTU445,Fungi,Basidiomycota,Agaricomycetes,Agaricales,Lycoperdaceae,Calvatia,Calvatia cyathiformis
OTU446,Fungi,,,,,,
OTU447,Stramenopila,Oomycota,Oomycetes,Pythiales,Pythiaceae,,
OTU448,Fungi,Ascomycota,,,,,
OTU449,Fungi,,,,,,
OTU45,Fungi,,,,,,
OTU450,Fungi,,,,,,
OTU451,Fungi,,,,,,
OTU452,Fungi,,,,,,
OTU453,Fungi,,,,,,
OTU454,Fungi,Mortierellomycota,Mortierellomycetes,Mortierellales,Mortierellaceae,Mortierella,Mortierella alpina
OTU455,Fungi,,,,,,
OTU456,Fungi,,,,,,
OTU457,Fungi,,,,,,
OTU458,Fungi,,,,,,
OTU459,Fungi,,,,,,
OTU46,Stramenopila,Oomycota,Oomycetes,Pythiales,Pythiaceae,Phytophthora,Phytophthora sansomeana
OTU460,Fungi,,,,,,
OTU461,Fungi,,,,,,
OTU462,Fungi,,,,,,
OTU463,Fungi,,,,,,
OTU464,Fungi,,,,,,
OTU465,Fungi,,,,,,
OTU466,Fungi,,,,,,
OTU467,Fungi,Ascomycota,,,,,
OTU468,Fungi,,,,,,
OTU469,Fungi,,,,,,
OTU47,Stramenopila,Oomycota,Oomycetes,Pythiales,Pythiaceae,Pythium,
OTU470,Fungi,,,,,,
OTU471,Fungi,,,,,,
OTU472,Fungi,Basidiomycota,Agaricomycetes,Sebacinales,Serendipitaceae,,
OTU473,Fungi,,,,,,
OTU474,Fungi,Mortierellomycota,Mortierellomycetes,Mortierellales,Mortierellaceae,Mortierella,
OTU475,Fungi,,,,,,
OTU476,Fungi,,,,,,
OTU477,Fungi,,,,,,
OTU478,Fungi,Chytridiomycota,,,,,
OTU479,Fungi,,,,,,
OTU48,Stramenopila,Oomycota,Oomycetes,,,,
OTU480,Fungi,,,,,,
OTU481,Stramenopila,Oomycota,Oomycetes,Pythiales,Pythiaceae,Pythium,Pythium sp nov
OTU482,Fungi,,,,,,
OTU483,Fungi,,,,,,
OTU484,Fungi,,,,,,
OTU485,Fungi,,,,,,
OTU486,Fungi,,,,,,
OTU487,Fungi,Ascomycota,Pezizomycetes,Pezizales,Ascobolaceae,Ascobolus,Ascobolus sp 
OTU488,Fungi,,,,,,
OTU489,Fungi,,,,,,
OTU49,Fungi,,,,,,
OTU490,Fungi,,,,,,
OTU491,Fungi,Basidiomycota,Agaricomycetes,Agaricales,Marasmiaceae,Marasmius,
OTU492,Stramenopila,Oomycota,Oomycetes,Saprolegniales,Saprolegniaceae,Achlya,
OTU493,Fungi,,,,,,
OTU494,Stramenopila,Oomycota,Oomycetes,Pythiales,Pythiaceae,Pythium,Pythium heterothallicum
OTU495,Fungi,,,,,,
OTU496,Fungi,,,,,,
OTU497,Fungi,,,,,,
OTU498,Fungi,,,,,,
OTU499,Stramenopila,Oomycota,Oomycetes,Pythiales,Pythiaceae,Pythium,
OTU5,Stramenopila,Oomycota,Oomycetes,Pythiales,Pythiaceae,Pythium,Pythium sylvaticum
OTU50,Stramenopila,Oomycota,Oomycetes,Pythiales,,,
OTU500,Fungi,,,,,,
OTU501,Fungi,,,,,,
OTU502,Fungi,,,,,,
OTU503,Fungi,,,,,,
OTU504,Fungi,,,,,,
OTU505,Fungi,,,,,,
OTU506,Fungi,,,,,,
OTU507,Fungi,,,,,,
OTU508,Fungi,,,,,,
OTU509,Fungi,,,,,,
OTU51,Stramenopila,Oomycota,Oomycetes,Pythiales,Pythiaceae,Pythium,Pythium vanterpoolii
OTU510,Stramenopila,Oomycota,Oomycetes,Pythiales,Pythiaceae,,
OTU511,Fungi,,,,,,
OTU512,Fungi,,,,,,
OTU513,Fungi,,,,,,
OTU514,Fungi,,,,,,
OTU515,Fungi,,,,,,
OTU516,Fungi,,,,,,
OTU517,Fungi,,,,,,
OTU518,Fungi,,,,,,
OTU519,Fungi,,,,,,
OTU52,Stramenopila,Oomycota,Oomycetes,Pythiales,Pythiaceae,Pythium,Pythium aff torulosum
OTU520,Fungi,,,,,,
OTU521,Fungi,,,,,,
OTU522,Fungi,,,,,,
OTU523,Fungi,,,,,,
OTU524,Fungi,,,,,,
OTU525,Fungi,Basidiomycota,Agaricomycetes,Sebacinales,Serendipitaceae,,
OTU526,Fungi,,,,,,
OTU527,Fungi,,,,,,
OTU528,Fungi,,,,,,
OTU529,Fungi,,,,,,
OTU53,Fungi,,,,,,
OTU530,Fungi,,,,,,
OTU531,Fungi,,,,,,
OTU532,Fungi,,,,,,
OTU533,Fungi,,,,,,
OTU534,Fungi,Basidiomycota,Agaricomycetes,Agaricales,Entolomataceae,Clitopilus,Clitopilus hobsonii
OTU535,Stramenopila,Oomycota,Oomycetes,Pythiales,Pythiaceae,Pythium,Pythium monospermum
OTU536,Stramenopila,Oomycota,Oomycetes,Pythiales,Pythiaceae,Pythium,Pythium heterothallicum
OTU537,Stramenopila,Oomycota,Oomycetes,Pythiales,Pythiaceae,Pythium,
OTU538,Fungi,,,,,,
OTU539,Fungi,Ascomycota,Dothideomycetes,Pleosporales,,,
OTU54,Fungi,,,,,,
OTU540,Fungi,,,,,,
OTU541,Fungi,,,,,,
OTU542,Fungi,,,,,,
OTU543,Fungi,,,,,,
OTU544,Fungi,,,,,,
OTU545,Fungi,,,,,,
OTU546,Fungi,,,,,,
OTU547,Fungi,Ascomycota,Dothideomycetes,Pleosporales,,,
OTU548,Fungi,,,,,,
OTU549,Stramenopila,Oomycota,Oomycetes,Pythiales,Pythiaceae,Pythium,Pythium ultimum var ultimum
OTU55,Stramenopila,Oomycota,Oomycetes,Pythiales,Pythiaceae,Pythium,Pythium conidiophorum
OTU550,Fungi,,,,,,
OTU551,Fungi,,,,,,
OTU552,Fungi,,,,,,
OTU553,Fungi,,,,,,
OTU554,Fungi,,,,,,
OTU555,Fungi,,,,,,
OTU556,Stramenopila,Oomycota,Oomycetes,Pythiales,Pythiaceae,Pythium,
OTU557,Fungi,Mucoromycota,Mucoromycetes,Mucorales,Mucoraceae,Mucor,Mucor circinelloides
OTU558,Fungi,,,,,,
OTU559,Fungi,,,,,,
OTU56,Fungi,,,,,,
OTU560,Stramenopila,Oomycota,Oomycetes,Pythiales,Pythiaceae,Pythium,
OTU561,Fungi,,,,,,
OTU562,Fungi,,,,,,
OTU563,Stramenopila,Oomycota,Oomycetes,Pythiales,Pythiaceae,Pythium,Pythium inflatum
OTU564,Fungi,,,,,,
OTU565,Fungi,Basidiomycota,Exobasidiomycetes,Microstromatales,,,
OTU566,Fungi,,,,,,
OTU567,Fungi,Basidiomycota,Agaricomycetes,Agaricales,Psathyrellaceae,Coprinopsis,
OTU568,Fungi,,,,,,
OTU569,Stramenopila,Oomycota,Oomycetes,Saprolegniales,Saprolegniaceae,Brevilegnia,Brevilegnia macrospora
OTU57,Stramenopila,Oomycota,Oomycetes,Pythiales,Pythiaceae,,
OTU570,Fungi,,,,,,
OTU571,Fungi,,,,,,
OTU572,Fungi,,,,,,
OTU573,Stramenopila,Oomycota,Oomycetes,Pythiales,Pythiaceae,Pythium,Pythium ultimum var ultimum
OTU574,Stramenopila,Oomycota,Oomycetes,Pythiales,Pythiaceae,Pythium,Pythium monospermum
OTU575,Stramenopila,Oomycota,Oomycetes,,,,
OTU576,Fungi,,,,,,
OTU577,Fungi,,,,,,
OTU578,Fungi,,,,,,
OTU579,Fungi,,,,,,
OTU58,Fungi,,,,,,
OTU580,Fungi,,,,,,
OTU581,Fungi,,,,,,
OTU582,Stramenopila,Oomycota,Oomycetes,Pythiales,Pythiaceae,Pythium,Pythium glomeratum
OTU583,Fungi,Basidiomycota,Agaricomycetes,Agaricales,Psathyrellaceae,Psathyrella,
OTU584,Fungi,,,,,,
OTU585,Fungi,,,,,,
OTU586,Fungi,Ascomycota,Pezizomycetes,Pezizales,Pyronemataceae,,
OTU587,Fungi,,,,,,
OTU588,Fungi,,,,,,
OTU589,Fungi,,,,,,
OTU59,Fungi,,,,,,
OTU590,Fungi,,,,,,
OTU591,Fungi,,,,,,
OTU592,Fungi,,,,,,
OTU593,Stramenopila,Oomycota,Oomycetes,Pythiales,Pythiaceae,Pythium,Pythium ultimum var ultimum
OTU594,Fungi,,,,,,
OTU595,Fungi,,,,,,
OTU596,Fungi,,,,,,
OTU597,Fungi,,,,,,
OTU598,Fungi,,,,,,
OTU599,Fungi,,,,,,
OTU6,Stramenopila,Oomycota,Oomycetes,Pythiales,Pythiaceae,Pythium,Pythium longandrum
OTU60,Stramenopila,Oomycota,,,,,
OTU600,Stramenopila,Oomycota,Oomycetes,Pythiales,Pythiaceae,Pythium,Pythium periplocum
OTU601,Fungi,,,,,,
OTU602,Fungi,,,,,,
OTU603,Stramenopila,Oomycota,Oomycetes,Pythiales,Pythiaceae,Pythium,Pythium ultimum var ultimum
OTU604,Fungi,Basidiomycota,Agaricomycetes,Agaricales,Lycoperdaceae,Lycoperdon,Lycoperdon pyriforme
OTU605,Fungi,,,,,,
OTU606,Fungi,,,,,,
OTU607,Fungi,,,,,,
OTU608,Fungi,,,,,,
OTU609,Fungi,,,,,,
OTU61,Stramenopila,Oomycota,Oomycetes,Pythiales,Pythiaceae,Pythium,
OTU610,Stramenopila,Oomycota,Oomycetes,Pythiales,Pythiaceae,,
OTU611,Stramenopila,Oomycota,Oomycetes,Pythiales,Pythiaceae,Pythium,Pythium cryptoirregulare
OTU612,Fungi,,,,,,
OTU613,Fungi,,,,,,
OTU614,Fungi,,,,,,
OTU615,Fungi,,,,,,
OTU616,Stramenopila,Oomycota,,,,,
OTU617,Fungi,,,,,,
OTU618,Fungi,,,,,,
OTU619,Fungi,,,,,,
OTU62,Stramenopila,Oomycota,Oomycetes,Leptomitales,Leptomitaceae,Apodachlya,Apodachlya brachynema
OTU620,Stramenopila,Oomycota,Oomycetes,Pythiales,Pythiaceae,Pythium,Pythium ultimum var ultimum
OTU621,Fungi,Basidiomycota,Agaricomycetes,Agaricales,Pluteaceae,Volvopluteus,Volvopluteus earlei
OTU63,Stramenopila,Oomycota,Oomycetes,Pythiales,Pythiaceae,Pythium,Pythium heterothallicum
OTU64,Stramenopila,Oomycota,Oomycetes,Saprolegniales,Saprolegniaceae,,
OTU65,Stramenopila,Oomycota,Oomycetes,,,,
OTU66,Fungi,,,,,,
OTU67,Stramenopila,,,,,,
OTU68,Stramenopila,Oomycota,Oomycetes,Pythiales,Pythiaceae,Pythium,Pythium camurandrum
OTU69,Stramenopila,,,,,,
OTU7,Stramenopila,Oomycota,Oomycetes,Pythiales,Pythiaceae,Pythium,Pythium heterothallicum
OTU70,Fungi,,,,,,
OTU71,Stramenopila,Oomycota,Oomycetes,,,,
OTU72,Stramenopila,Oomycota,Oomycetes,Pythiales,Pythiaceae,Pythium,Pythium apiculatum
OTU73,Stramenopila,Oomycota,Oomycetes,Pythiales,Pythiaceae,Phytophthora,Phytophthora citricola
OTU74,Fungi,,,,,,
OTU75,Fungi,,,,,,
OTU76,Stramenopila,Oomycota,Oomycetes,,,,
OTU77,Fungi,,,,,,
OTU78,Fungi,,,,,,
OTU79,Stramenopila,Oomycota,Oomycetes,Pythiales,Pythiaceae,Phytophthora,Phytophthora cactorum
OTU8,Stramenopila,Oomycota,Oomycetes,Pythiales,Pythiaceae,Pythium,
OTU80,Stramenopila,Oomycota,Oomycetes,Pythiales,Pythiaceae,Pythium,Pythium carolinianum
OTU81,Stramenopila,Oomycota,Oomycetes,Pythiales,Pythiaceae,Pythium,Pythium monospermum
OTU82,Fungi,,,,,,
OTU83,Stramenopila,Oomycota,Oomycetes,Pythiales,Pythiaceae,Pythium,
OTU84,Stramenopila,,,,,,
OTU85,Stramenopila,Oomycota,Oomycetes,Pythiales,Pythiaceae,,
OTU86,Stramenopila,Oomycota,Oomycetes,Pythiales,Pythiaceae,,
OTU87,Fungi,,,,,,
OTU88,Fungi,,,,,,
OTU89,Stramenopila,,,,,,
OTU9,Stramenopila,Oomycota,Oomycetes,Pythiales,Pythiaceae,Pythium,Pythium minus
OTU90,Stramenopila,Oomycota,Oomycetes,Pythiales,Pythiaceae,Phytopythium,Phytopythium litorale
OTU91,Stramenopila,Oomycota,Oomycetes,Pythiales,Pythiaceae,Pythium,
OTU92,Stramenopila,Oomycota,,,,,
OTU93,Stramenopila,Oomycota,Oomycetes,Pythiales,Pythiaceae,Pythium,
OTU94,Stramenopila,Oomycota,Oomycetes,Pythiales,Pythiaceae,Phytophthora,Phytophthora nicotianae
OTU95,Fungi,,,,,,
OTU96,Stramenopila,Oomycota,Oomycetes,Pythiales,Pythiaceae,Pythium,
OTU97,Stramenopila,Oomycota,Oomycetes,Pythiales,,,
OTU98,Fungi,,,,,,
OTU99,Fungi,,,,,,